{"cameraMode":{"drawMode":0,"name":"Shaded","section":"Shading Mode"},"sceneLighting":false,"audioPlay":false,"sceneViewState":{"showFog":true,"showMaterialUpdate":false,"showSkybox":false,"showFlares":true,"showImageEffects":true,"showParticleSystems":true},"in2DMode":false,"pivot":{"x":210.0399932861328,"y":8.229999542236329,"z":321.17999267578127},"rotation":{"x":-0.046457454562187198,"y":0.9531000256538391,"z":-0.22598865628242494,"w":-0.19593793153762818},"size":1.7660255432128907,"orthographic":false}